{
  "hosting": {
    "public": "dist",
    "ignore": [
      "firebase.json",
      "**/.*",
      "**/node_modules/**"
    ],
    "rewrites": [
      {
        "source": "**",
        "destination": "/index.html"
      }
    ],
    "headers": [
      {
        "source": "**/*.@(js|css|html|json)", 
        "headers": [
          {
            "key": "Cache-Control",
            "value": "no-cache, no-store, must-revalidate"
          },
          {
            "key": "Pragma",
            "value": "no-cache"
          },
          {
            "key": "Expires",
            "value": "0"
          }
        ]
      },
      {
        "source": "/service-worker.js", 
        "headers": [
          {
            "key": "Cache-Control",
            "value": "no-cache"
          }
        ]
      }
    ]
  }
}
